{
    "value0": {
        "T_imu_cam": [
            {
                "px": -0.028728540961232356,
                "py": 0.004589433141161458,
                "pz": 0.07411624361784922,
                "qx": -0.0028324995034058237,
                "qy": -0.000391908122893457,
                "qz": 0.003244730329817644,
                "qw": 0.999990647496102
            },
            {
                "px": 0.09123304480799789,
                "py": 0.003065402577202239,
                "pz": 0.07403229736443599,
                "qx": -0.001028411614523135,
                "qy": 0.0003822188626726963,
                "qz": -0.003574710679657606,
                "qw": 0.9999930088364863
            }
        ],
        "intrinsics": [
            {
                "camera_type": "pinhole-radtan8",
                "intrinsics": {
                    "fx": 450.1098947434984,
                    "fy": 450.2714831346301,
                    "cx": 323.9945924707641,
                    "cy": 202.72777917484576,
                    "k1": -12.391022809540863,
                    "k2": 48.163954551445389,
                    "p1": 0.001812029885788664,
                    "p2": -0.00011855366121553129,
                    "k3": 19.123797100052724,
                    "k4": -12.401784892405829,
                    "k5": 48.27761293354493,
                    "k6": 18.757859456274045,
                    "rpmax": 0.0
                }
            },
            {
                "camera_type": "pinhole-radtan8",
                "intrinsics": {
                    "fx": 450.63245183881738,
                    "fy": 450.52033819838109,
                    "cx": 312.76937960344386,
                    "cy": 184.3719246335564,
                    "k1": -11.217598663608169,
                    "k2": 37.115573551888569,
                    "p1": 0.0011530739585566615,
                    "p2": 0.00006040861557915609,
                    "k3": 65.16150759901089,
                    "k4": -11.229437347501124,
                    "k5": 37.2368255697692,
                    "k6": 64.6970950393064,
                    "rpmax": 0.0
                }
            }
        ],
        "resolution": [
            [
                640,
                400
            ],
            [
                640,
                400
            ]
        ],
        "calib_accel_bias": [
            0.1328944420271196,
            -0.1964428164413921,
            -0.032171100305639837,
            -0.00018352122021202905,
            0.00041670795714448346,
            -0.0017748648251386347,
            -0.00009904858045487876,
            0.00048284617623664815,
            0.0012570257602738205
        ],
        "calib_gyro_bias": [
            0.002089474324511404,
            -0.0001579991047834462,
            -0.0002712082818552302,
            0.0007084973599156504,
            0.0010407762053803304,
            -0.000049438482674007059,
            0.0005515871370162802,
            0.0015712057071392198,
            -0.0002230615968724501,
            0.000018562805899510209,
            0.000020989928967812417,
            -0.0008642387258109255
        ],
        "imu_update_rate": 99.79502102681092,
        "accel_noise_std": [
            0.02,
            0.02,
            0.02
        ],
        "gyro_noise_std": [
            0.0005,
            0.0005,
            0.0005
        ],
        "accel_bias_std": [
            0.001,
            0.001,
            0.001
        ],
        "gyro_bias_std": [
            0.0001,
            0.0001,
            0.0001
        ],
        "cam_time_offset_ns": 131292,
        "vignette": []
    }
}