{
    "value0": {
        "T_imu_cam": [
            {
                "px": -0.05499737407572776,
                "py": 0.041913036741636957,
                "pz": -0.013502209622023176,
                "qx": 0.4987773658928816,
                "qy": -0.5019756402615706,
                "qz": -0.5018965249900175,
                "qw": 0.49733436846842757
            },
            {
                "px": -0.05568187447898537,
                "py": -0.058914245577160049,
                "pz": -0.013517997452853073,
                "qx": 0.4948301611290711,
                "qy": -0.5050318652417838,
                "qz": -0.5032312671754846,
                "qw": 0.49683419615032378
            }
        ],
        "intrinsics": [
            {
                "camera_type": "pinhole-radtan8",
                "intrinsics": {
                    "fx": 450.32472818976256,
                    "fy": 450.45953084280105,
                    "cx": 321.8526742970475,
                    "cy": 195.05830141967685,
                    "k1": -20.764264940378728,
                    "k2": 133.16508293163617,
                    "p1": 0.0010676989532219716,
                    "p2": 0.0004725430379178849,
                    "k3": -7.68989715601195,
                    "k4": -20.75979718801228,
                    "k5": 133.05468340853143,
                    "k6": -7.024541785745228,
                    "rpmax": 0.0
                }
            },
            {
                "camera_type": "pinhole-radtan8",
                "intrinsics": {
                    "fx": 452.04988300822887,
                    "fy": 452.10102525254606,
                    "cx": 323.52067565796735,
                    "cy": 208.21738095801019,
                    "k1": -22.425093115076494,
                    "k2": 165.75026332165195,
                    "p1": 0.0012183171166702634,
                    "p2": 0.0010267021905458866,
                    "k3": 32.44579104966674,
                    "k4": -22.419367618837805,
                    "k5": 165.58642359694546,
                    "k6": 33.4035162735488,
                    "rpmax": 0.0
                }
            }
        ],
        "resolution": [
            [
                640,
                400
            ],
            [
                640,
                400
            ]
        ],
        "calib_accel_bias": [
            1.6169022502598496,
            0.1757214356134216,
            -0.03021581766816116,
            8.901546256763287e-11,
            -1.5133212178043765e-11,
            3.090487146243605e-11,
            -7.681505014029505e-11,
            2.2483615254603139e-10,
            -8.101311075820975e-12
        ],
        "calib_gyro_bias": [
            0.0022209799409027149,
            0.00001768298752598417,
            -0.0012612765655428075,
            1.4320795267888354e-11,
            2.961422928455035e-12,
            -3.315798330230823e-12,
            -2.3543920203932526e-12,
            3.656622166013049e-12,
            -9.50784413150262e-13,
            -5.388077771811858e-12,
            1.3396041174547248e-12,
            6.464468915033542e-12
        ],
        "imu_update_rate": 100.0085007225614,
        "accel_noise_std": [
            0.02,
            0.02,
            0.02
        ],
        "gyro_noise_std": [
            0.0005,
            0.0005,
            0.0005
        ],
        "accel_bias_std": [
            0.001,
            0.001,
            0.001
        ],
        "gyro_bias_std": [
            0.0001,
            0.0001,
            0.0001
        ],
        "cam_time_offset_ns": 198,
        "vignette": []
    }
}